Province No,District,Municipality,WardNo
Koshi Province,Taplejung,Aathrai Triveni municipality,"1,2,3, 4,5"
Koshi Province,Taplejung,Phaktanglung municipality,"1,2,3,4, 5 , 6,7 "
Koshi Province,Taplejung,Phungling municipality,"1,2,3, 4,5 , 6,7 ,8,9,10,11"
Koshi Province,Taplejung,Mikwa Khola municipality,"1,2,3, 4,5"
Koshi Province,Taplejung,Meringden municipality,"1,2,3, 4,5,6"
Koshi Province,Taplejung,Maiwa Khola municipality,"1,2,3, 4,5 , 6"
Koshi Province,Taplejung,Yangwarak municipality,"1,2,3, 4,5 , 6"
Koshi Province,Taplejung,Sidingwa municipality,"1,2,3, 4,5 , 6,7"
Koshi Province,Taplejung,Sirijangha municipality,"1,2,3, 4,5 , 6,7,8"
Koshi Province,Panchthar,Kummayak municipality,"1,2,3, 4,5 "
Koshi Province,Panchthar,Tumbwa municipality,"1,2,3, 4,5 "
Koshi Province,Panchthar,Phalelung municipality,"1,2,3, 4,5 , 6,7,8"
Koshi Province,Panchthar,Phalgunanda municipality,"1,2,3, 4,5 , 6,7"
Koshi Province,Panchthar,Phidim municipality,"1,2,3, 4,5 , 6,7 ,8,9,10,11,12,13,14"
Koshi Province,Panchthar,Miklajung municipality,"1,2,3, 4,5 , 6,7"
Koshi Province,Panchthar,Yangwarak municipality,"1,2,3, 4,5 , 6"
Koshi Province,Panchthar,Hilihang municipality,"1,2,3, 4,5 , 6,7"
Koshi Province,Ilam,Ilam municipality,"1,2,3, 4,5 , 6,7 ,8,9,10,11,12"
Koshi Province,Ilam,Chulachuli municipality,"1,2,3, 4,5 , 6"
Koshi Province,Ilam,Deumai municipality,"1,2,3,4, 5 , 6,7 ,8,9"
Koshi Province,Ilam,Phakphokthum municipality,"1,2,3, 4,5 , 6,7"
Koshi Province,Ilam,Mai municipality,"1,2,3,4, 5 , 6,7 ,8,9,10"
Koshi Province,Ilam,Maijogmai municipality,"1,2,3,4, 5 , 6,7 "
Koshi Province,Ilam,Mangsebung municipality,"1,2,3,4, 5 , 6"
Koshi Province,Ilam,Rong municipality,"1,2,3,4, 5 , 6"
Koshi Province,Ilam,Sandakpur municipality,"1,2,3,4, 5 "
Koshi Province,Ilam,Suryodaya municipality,"1,2,3, 4,5 , 6,7 ,8,9,10,11,12,13,14"
Koshi Province,Jhapa,Arjundhara municipality,"1,2,3, 4,5 , 6,7 ,8,9,10,11"
Koshi Province,Jhapa,Kachankabal municipality,"1,2,3,4, 5 , 6,7 "
Koshi Province,Jhapa,Kankai municipality,"1,2,3,4, 5 , 6,7 ,8,9"
Koshi Province,Jhapa,Kamal municipality,"1,2,3, 4,5 , 6,7 ,8,9,10"
Koshi Province,Jhapa,Gauradaha municipality,"1,2,3,4, 5 , 6,7 ,8,9"
Koshi Province,Jhapa,Gauriganj municipality,"1,2,3,4, 5 , 6"
Koshi Province,Jhapa,Jhapa municipality,"1,2,3,4, 5 , 6,7 "
Koshi Province,Jhapa,Damak municipality,"1,2,3, 4,5 , 6,7 ,8,9,10"
Koshi Province,Jhapa,Bahradasi municipality,"1,2,3,4, 5 , 6,7 "
Koshi Province,Jhapa,Buddhashanti municipality,"1,2,3,4, 5 , 6,7 "
Koshi Province,Jhapa,Bhadrapur municipality,"1,2,3, 4,5 , 6,7 ,8,9,10"
Koshi Province,Jhapa,Mechinagar municipality,"1,2,3, 4,5 , 6,7 ,8,9,10,11,12,13,14,15"
Koshi Province,Jhapa,Birtamod municipality,"1,2,3, 4,5 , 6,7 ,8,9,10"
Koshi Province,Jhapa,Shivasatakshi municipality,"1,2,3, 4,5 , 6,7 ,8,9,10,11"
Koshi Province,Jhapa,Haldibari municipality,"1,2,3, 4,5 , 6,7 ,8,9,10,11,12"
Koshi Province,Morang,Urlabari municipality,"1,2,3, 4,5 , 6,7 ,8,9"
Koshi Province,Morang,Katahari municipality,"1,2,3, 4,5 , 6,7 ,8"
Koshi Province,Morang,Kanepokhari municipality,"1,2,3, 4,5 , 6,7 ,8"
Koshi Province,Morang,Kerabari municipality,"1,2,3, 4,5 , 6,7 ,8,9,10"
Koshi Province,Morang,Gramthan municipality,"1,2,3, 4,5 , 6,7"
Koshi Province,Morang,Jahada municipality,"1,2,3, 4,5 , 6,7"
Koshi Province,Morang,Dhapalthan municipality,"1,2,3, 4,5 , 6,7"
Koshi Province,Morang,Pathari Sanischare municipality,"1,2,3, 4,5 , 6,7 ,8,9,10"
Koshi Province,Morang,Budhiganga municipality,"1,2,3, 4,5 , 6,7 ,8,9,10"
Koshi Province,Morang,Belbari municipality,"1,2,3,4,5,6,7,8,9,10,11"
Koshi Province,Morang,Miklajung municipality,"1,2,3, 4,5 , 6,7"
Koshi Province,Morang,Rangeli municipality,"1,2,3, 4,5 , 6,7 ,8,9,10"
Koshi Province,Morang,Ratuwamai municipality,"1,2,3, 4,5 , 6,7 ,8,9,10"
Koshi Province,Morang,Letang municipality,"1,2,3, 4,5 , 6,7 ,8,9"
Koshi Province,Morang,Biratnagar MP municipality,"1,2,3,4,5,6,7,8,9,10,11,12,13,14,15,16,17,18,19"
Koshi Province,Morang,Sunbarshi municipality,"1,2,3, 4,5 , 6,7 ,8,9"
Koshi Province,Morang,Sundarharicha municipality,"1,2,3, 4,5 , 6,7 ,8,9,10,11,12"
Koshi Province,Sunsari,Itahari Sub-MP municipality,"1,2,3,4,5,6,7,8,9,10,11,12,13,14,15,16,17,18,19,20"
Koshi Province,Sunsari,Inaruwa municipality,"1,2,3, 4,5 , 6,7 ,8,9,10"
Koshi Province,Sunsari,Koshi municipality,"1,2,3, 4,5 , 6,7 ,8"
Koshi Province,Sunsari,Gadhi municipality,"1,2,3, 4,5 , 6"
Koshi Province,Sunsari,Duhabi municipality,"1,2,3, 4,5 , 6,7 ,8,9,10,11,12"
Koshi Province,Sunsari,Dewanganj municipality,"1,2,3, 4,5 , 6,7"
Koshi Province,Sunsari,Dharan Sub-MP municipality,"1,2,3,4,5,6,7,8,9,10,11,12,13,14,15,16,17,18,19,20"
Koshi Province,Sunsari,Baraha municipality,"1,2,3, 4,5 , 6,7 ,8,9,10,11"
Koshi Province,Sunsari,Barju municipality,"1,2,3, 4,5 , 6"
Koshi Province,Sunsari,Bhokraha municipality,"1,2,3, 4,5 , 6,7,8"
Koshi Province,Sunsari,Ramdhuni municipality,"1,2,3, 4,5 , 6,7,8,9"
Koshi Province,Sunsari,Harinagara municipality,"1,2,3, 4,5 , 6,7"
Koshi Province,Dhankuta,Khalsa Chhintang Sahidbhumi municipality,"1,2,3, 4,5 , 6,7"
Koshi Province,Dhankuta,Chaubise municipality,"1,2,3, 4,5 , 6,7,8"
Koshi Province,Dhankuta,Chhathar Jorpati municipality,"1,2,3, 4,5 , 6"
Koshi Province,Dhankuta,Dhankuta municipality,"1,2,3, 4,5 , 6,7,8,9,10"
Koshi Province,Dhankuta,Pakhribas municipality,"1,2,3, 4,5 , 6,7,8,9"
Koshi Province,Dhankuta,Mahalaxmi municipality,"1,2,3, 4,5 , 6,7,8,9"
Koshi Province,Dhankuta,Sanguri Gadi municipality,"1,2,3, 4,5 , 6,7,8,9,10"
Koshi Province,Terhathum,Atharai municipality,"1,2,3, 4,5 , 6,7,8"
Koshi Province,Terhathum,Chhatha municipality,"1,2,3, 4,5 , 6"
Koshi Province,Terhathum,Phedap municipality,"1,2,3, 4,5 "
Koshi Province,Terhathum,Menchayayem municipality,"1,2,3, 4,5 , 6"
Koshi Province,Terhathum,Myanglung municipality,"1,2,3, 4,5 , 6,7,8,9"
Koshi Province,Terhathum,Laligurans municipality,"1,2,3, 4,5 , 6,7,8,9"
Koshi Province,Sankhuwasabha,Khandbari municipality,"1,2,3, 4,5 , 6,7,8,9,10,11"
Koshi Province,Sankhuwasabha,Chichila municipality,"1,2,3, 4,5 , 6,7"
Koshi Province,Sankhuwasabha,ChiMCur municipality,"1,2,3, 4,5 , 6,7,8"
Koshi Province,Sankhuwasabha,Dharmadevi municipality,"1,2,3, 4,5 , 6,7,8,9"
Koshi Province,Sankhuwasabha,Panchkhapan municipality,"1,2,3, 4,5 , 6,7,8,9"
Koshi Province,Sankhuwasabha,Bhotkhola municipality,"1,2,3, 4,5 "
Koshi Province,Sankhuwasabha,Makalu municipality,"1,2,3, 4,5 ,6"
Koshi Province,Sankhuwasabha,Madi municipality,"1,2,3, 4,5 ,6,7,8,9"
Koshi Province,Sankhuwasabha,Sabhapokhari municipality,"1,2,3, 4,5 ,6,7"
Koshi Province,Sankhuwasabha,Silichung municipality,"1,2,3, 4,5 "
Koshi Province,Bhojpur,Arun municipality,"1,2,3, 4,5 ,6,7"
Koshi Province,Bhojpur,Aamchouk municipality,"1,2,3, 4,5 ,6,7,8,9,10"
Koshi Province,Bhojpur,"Tyamke Mayung 
RM municipality","1,2,3, 4,5 ,6,7,8,9"
Koshi Province,Bhojpur,"Pauwa Dumma
RM municipality","1,2,3, 4,5 ,6"
Koshi Province,Bhojpur,Bhojpur municipality,"1,2,3, 4,5 ,6,7,8,9,10,11,12"
Koshi Province,Bhojpur,Ramprasad Rai municipality,"1,2,3, 4,5 ,6,7,8"
Koshi Province,Bhojpur,Sadananda municipality,"1,2,3, 4,5 ,6,7,8,9,10,11,12,13,14"
Koshi Province,Bhojpur,Salpa Silichho municipality,"1,2,3,4,5,6"
Koshi Province,Bhojpur,Hatuwagadhi municipality,"1,2,3, 4,5 ,6,7,8,9,10"
Koshi Province,Solukhumbu,Khumbu Pasang Lamu municipality,"1,2,3, 4,5"
Koshi Province,Solukhumbu,Dudhkosi municipality,"1,2,3, 4,5,6,7"
Koshi Province,Solukhumbu,Dudhkausika municipality,"1,2,3, 4,5,6,7,8,9"
Koshi Province,Solukhumbu,Necha Salyan municipality,"1,2,3, 4,5"
Koshi Province,Solukhumbu,Mahakulung municipality,"1,2,3, 4,5"
Koshi Province,Solukhumbu,Likhu Pike municipality,"1,2,3, 4,5"
Koshi Province,Solukhumbu,Sotang municipality,"1,2,3, 4,5"
Koshi Province,Solukhumbu,Solu Dudhkunda municipality,"1,2,3, 4,5,6,7,8,9,10,11"
Koshi Province,Okhaldhunga,Khiji Demba municipality,"1,2,3, 4,5,6,7,8,9"
Koshi Province,Okhaldhunga,Champadevi municipality,"1,2,3, 4,5,6,7,8,9,10"
Koshi Province,Okhaldhunga,Chisankhugadi municipality,"1,2,3, 4,5,6,7,8"
Koshi Province,Okhaldhunga,"Manebhanjyang
RM municipality","1,2,3, 4,5,6,7,8,9"
Koshi Province,Okhaldhunga,Molung municipality,"1,2,3, 4,5,6,7,8"
Koshi Province,Okhaldhunga,Likhu municipality,"1,2,3, 4,5,6,7,8,9"
Koshi Province,Okhaldhunga,Siddicharan municipality,"1,2,3, 4,5,6,7,8,9,10,11,12"
Koshi Province,Okhaldhunga,Sunkoshi municipality,"1,2,3, 4,5,6,7,8,9,10"
Koshi Province,Khotang,Ainselukharka municipality,"1,2,3, 4,5,6,7"
Koshi Province,Khotang,Kepilasgadi municipality,"1,2,3, 4,5,6,7"
Koshi Province,Khotang,Khotehang municipality,"1,2,3, 4,5,6,7,8,9"
Koshi Province,Khotang,Jantedhunga municipality,"1,2,3, 4,5,6,7,8,9"
Koshi Province,Khotang,Diprung municipality,"1,2,3, 4,5,6,7"
Koshi Province,Khotang,Rupakot Majhuwagadhi municipality,"1,2,3, 4,5,6,7,8,9,10,11,12,13,14,15"
Koshi Province,Khotang,Lamidanda municipality,"1,2,3, 4,5,6"
Koshi Province,Khotang,Barahapokhari municipality,"1,2,3, 4,5,6"
Koshi Province,Khotang,Sakela municipality,"1,2,3, 4,5"
Koshi Province,Khotang,Halesi Tuwachung municipality,"1,2,3, 4,5,6,7,8,9,10,11"
Koshi Province,Udayapur,"Udayapurgadhi
RM municipality","1,2,3, 4,5,6,7,8"
Koshi Province,Udayapur,Katari municipality,"1,2,3, 4,5,6,7,8,9,10,11,12,13,14"
Koshi Province,Udayapur,Chaudandigadhi municipality,"1,2,3, 4,5,6,7,8,9,10"
Koshi Province,Udayapur,Tapli municipality,"1,2,3, 4,5"
Koshi Province,Udayapur,Triyuga municipality,"1,2,3, 4,5,6,7,8,9,10,11,12,13,14,15,16"
Koshi Province,Udayapur,Rautamai municipality,"1,2,3, 4,5,6,7,8"
Koshi Province,Udayapur,Belaka municipality,"1,2,3, 4,5,6,7,8,9"
Koshi Province,Udayapur,Sunkoshi municipality,"1,2,3, 4,5,6,7,8,9,10"
Madhesh Province,Saptari,Agnisair Krishna Sabran municipality,"1,2,3, 4,5,6"
Madhesh Province,Saptari,Kanchanrup municipality,"1,2,3, 4,5,6,7,8,9,10,11,12"
Madhesh Province,Saptari,Khadak municipality,"1,2,3, 4,5,6,7,8,9,10,11"
Madhesh Province,Saptari,Chhinnamasta municipality,"1,2,3, 4,5,6,7"
Madhesh Province,Saptari,Dakneshwari municipality,"1,2,3, 4,5,6,7,8,9,10"
Madhesh Province,Saptari,Tirahut municipality,"1,2,3, 4,5"
Madhesh Province,Saptari,Tilathi Koiladi municipality,"1,2,3, 4,5,6,7,8"
Madhesh Province,Saptari,Balan Bihul municipality,"1,2,3, 4,5,6"
Madhesh Province,Saptari,Bishnupur municipality,"1,2,3, 4,5,6,7"
Madhesh Province,Saptari,Belhi Chapena municipality,"1,2,3, 4,5"
Madhesh Province,Saptari,Bodebarsain municipality,"1,2,3, 4,5,6,7,8,9,10"
Madhesh Province,Saptari,Mahadewa municipality,"1,2,3, 4,5,6"
Madhesh Province,Saptari,Rajbiraj municipality,"1,2,3, 4,5,6,7,8,9,10,11,12,13,14,15,16"
Madhesh Province,Saptari,Rupani municipality,"1,2,3, 4,5,6"
Madhesh Province,Saptari,Shambhunath municipality,"1,2,3, 4,5,6,7,8,9,10,11,12"
Madhesh Province,Saptari,Saptakoshi municipality,"1,2,3, 4,5,6,7,8,9,10,11"
Madhesh Province,Saptari,Surunga municipality,"1,2,3, 4,5,6,7,8,9,10,11"
Madhesh Province,Saptari,Hanumannagar Kankalini municipality,"1,2,3, 4,5,6,7,8,9,10,11,12,13,14"
Madhesh Province,Siraha,Arnama municipality,"1,2,3, 4,5"
Madhesh Province,Siraha,Aurahi municipality,"1,2,3, 4,5"
Madhesh Province,Siraha,Karjanha municipality,"1,2,3, 4,5,6,7,8,9,10,11"
Madhesh Province,Siraha,Kalyanpur municipality,"1,2,3, 4,5,6,7,8,9,10,11,12"
Madhesh Province,Siraha,Golbazaar municipality,"1,2,3, 4,5,6,7,8,9,10,11,12,13"
Madhesh Province,Siraha,Dhangadhimai municipality,"1,2,3, 4,5,6,7,8,9,10,11,12,13,14"
Madhesh Province,Siraha,Naraha municipality,"1,2,3, 4,5"
Madhesh Province,Siraha,Navarajpur municipality,"1,2,3, 4,5"
Madhesh Province,Siraha,Bariyarpatti municipality,"1,2,3, 4,5"
Madhesh Province,Siraha,Bhagawanpur municipality,"1,2,3, 4,5"
Madhesh Province,Siraha,Mirchaiya municipality,"1,2,3, 4,5,6,7,8,9,10,11,12"
Madhesh Province,Siraha,"Laxmipur Patari
RM municipality","1,2,3, 4,5"
Madhesh Province,Siraha,Lahan municipality,"1,2,3, 4,5,6,7,8,9,10,11,12,13,14,15,16,17,18,19,20,21,22,23,24"
Madhesh Province,Siraha,Bishnupur municipality,"1,2,3, 4,5"
Madhesh Province,Siraha,Sakhuwanan karkatti municipality,"1,2,3, 4,5"
Madhesh Province,Siraha,Siraha municipality,"1,2,3, 4,5,6,7,8,9,10,11,12,13,14,15,16,17,18,19,20,21,22"
Madhesh Province,Siraha,Sukhipur municipality,"1,2,3, 4,5,6,7,8,9,10"
Madhesh Province,Dhanusha,Aaurahi municipality,"1,2,3, 4,5"
Madhesh Province,Dhanusha,"Kamala Siddhidatri
RM municipality","1,2,3, 4,5,6,7"
Madhesh Province,Dhanusha,Kshireshwarnath municipality,"1,2,3, 4,5,6,7,8,9,10"
Madhesh Province,Dhanusha,Ganeshman Charnath municipality,"1,2,3, 4,5,6,7,8,9,10,11"
Madhesh Province,Dhanusha,Janak Nandani municipality,"1,2,3, 4,5,6"
Madhesh Province,Dhanusha,Janakpur Sub-MP municipality,"1,2,3, 4,5,6,7,8,9,10,11,12,13,14,15,16,17,18,19,20,21,22,23,24,25"
Madhesh Province,Dhanusha,Dhanushadham municipality,"1,2,3, 4,5,6,7,8,9,10"
Madhesh Province,Dhanusha,Dhanaugi municipality,"1,2,3, 4,5"
Madhesh Province,Dhanusha,Nagarain municipality,"1,2,3, 4,5,6,7,8,9,10,11,12,13,14"
Madhesh Province,Dhanusha,Bateshwar municipality,"1,2,3, 4,5"
Madhesh Province,Dhanusha,Mithila municipality,"1,2,3, 4,5,6,7,8,9,10,11,12"
Madhesh Province,Dhanusha,Mithila Bihari municipality,"1,2,3, 4,5,6,7,8,9,10"
Madhesh Province,Dhanusha,Mukhiyapatti Musarniya municipality,"1,2,3, 4,5,6"
Madhesh Province,Dhanusha,Laxminiya municipality,"1,2,3, 4,5,6"
Madhesh Province,Dhanusha,Bideha municipality,"1,2,3, 4,5,6,7,8,9"
Madhesh Province,Dhanusha,Sahidnagar municipality,"1,2,3, 4,5,6,7,8,9"
Madhesh Province,Dhanusha,Sabaila municipality,"1,2,3, 4,5,6,7,8,9,10,11,12,13"
Madhesh Province,Dhanusha,Hanshapur municipality,"1,2,3, 4,5,6,7,8,9"
Madhesh Province,Mahottari,Ekdara municipality,"1,2,3, 4,5,6"
Madhesh Province,Mahottari,Aurahi municipality,"1,2,3, 4,5,6"
Madhesh Province,Mahottari,Gaushala municipality,"1,2,3, 4,5,6,7,8,9,10,11,12"
Madhesh Province,Mahottari,Jaleshwar municipality,"1,2,3, 4,5,6,7,8,9,1011,12"
Madhesh Province,Mahottari,Pipara municipality,"1,2,3,4,5"
Madhesh Province,Mahottari,Bardibas municipality,"1,2,3, 4,5,6,7,8,9,10,11,12,13,14"
Madhesh Province,Mahottari,Balwa municipality,"1,2,3, 4,5,6,7,8,9,10,11"
Madhesh Province,Mahottari,Bhangaha municipality,"1,2,3, 4,5,6,7,8,9"
Madhesh Province,Mahottari,Mathiyani municipality,"1,2,3, 4,5,6,7,8,9"
Madhesh Province,Mahottari,Manara Siswa municipality,"1,2,3, 4,5,6,7,8,9,10"
Madhesh Province,Mahottari,Mahottari municipality,"1,2,3, 4,5,6"
Madhesh Province,Mahottari,Ram Gopalpur municipality,"1,2,3, 4,5,6,7,8,9"
Madhesh Province,Mahottari,Loharpatti municipality,"1,2,3, 4,5,6,7,8,9"
Madhesh Province,Mahottari,Samsi municipality,"1,2,3, 4,5,6,7"
Madhesh Province,Mahottari,Sonama municipality,"1,2,3, 4,5,6,7,8"
Madhesh Province,Sarlahi,Ishwarpur municipality,"1,2,3, 4,5,6,7,8,9,10,11,12,13,14,15"
Madhesh Province,Sarlahi,Kabilashi municipality,"1,2,3, 4,5,6,7,8,9,10"
Madhesh Province,Sarlahi,Kaudena municipality,"1,2,3, 4,5,6,7"
Madhesh Province,Sarlahi,Godaita municipality,"1,2,3, 4,5,6,7,8,9,10,11,12"
Madhesh Province,Sarlahi,Chhakraghata municipality,"1,2,3, 4,5,6,7"
Madhesh Province,Sarlahi,Chandranagar municipality,"1,2,3, 4,5,6,7"
Madhesh Province,Sarlahi,Dhankaul municipality,"1,2,3, 4,5,6,7"
Madhesh Province,Sarlahi,Parsa municipality,"1,2,3, 4,5,6"
Madhesh Province,Sarlahi,Barahathawa municipality,"1,2,3, 4,5,6,7,8,9,10,11,12,13,14,15,16,17,18"
Madhesh Province,Sarlahi,Balara municipality,"1,2,3, 4,5,6,7,8,9,10,11,12"
Madhesh Province,Sarlahi,Basbariya municipality,"1,2,3, 4,5,6"
Madhesh Province,Sarlahi,Bagmati municipality,"1,2,3, 4,5,6,7,8,9,10,11,12"
Madhesh Province,Sarlahi,Brahmapuri municipality,"1,2,3, 4,5,6,7"
Madhesh Province,Sarlahi,Malangwa municipality,"1,2,3, 4,5,6,7,8,9,10,11,12"
Madhesh Province,Sarlahi,Ramnagar municipality,"1,2,3, 4,5,6,7"
Madhesh Province,Sarlahi,Lalbandi municipality,"1,2,3, 4,5,6,7,8,9,10,11,12,13,14,15,16,17"
Madhesh Province,Sarlahi,Bishnupur municipality,"1,2,3, 4,5,6,7"
Madhesh Province,Sarlahi,Haripur municipality,"1,2,3, 4,5,6,7,8,9"
Madhesh Province,Sarlahi,Haripurwa municipality,"1,2,3, 4,5,6,7,8,9,10,11"
Madhesh Province,Sarlahi,Harion municipality,"1,2,3, 4,5,6,7,8,9,10,11"
Madhesh Province,Rautahat,Isnatha municipality,"1,2,3, 4,5,6,7,8,9"
Madhesh Province,Rautahat,Kathariya municipality,"1,2,3, 4,5,6,7,8,9"
Madhesh Province,Rautahat,Gadhimai municipality,"1,2,3, 4,5,6,7,8,9"
Madhesh Province,Rautahat,Garuda municipality,"1,2,3, 4,5,6,7,8,9"
Madhesh Province,Rautahat,Gujara municipality,"1,2,3, 4,5,6,7,8,9"
Madhesh Province,Rautahat,Gaur municipality,"1,2,3, 4,5,6,7,8,9"
Madhesh Province,Rautahat,Chandrapur municipality,"1,2,3, 4,5,6,7,8,9,10"
Madhesh Province,Rautahat,"Durga Bhagwati
RM municipality","1,2,3, 4,5"
Madhesh Province,Rautahat,"Dewahi Gonahi
RM municipality","1,2,3, 4,5"
Madhesh Province,Rautahat,Paroha municipality,"1,2,3, 4,5,6,7,8,9"
Madhesh Province,Rautahat,"Fathuha Bijaypur
RM municipality","1,2,3, 4,5,6,7,8,9,10,11"
Madhesh Province,Rautahat,Birindaban municipality,"1,2,3, 4,5,6,7,8,9"
Madhesh Province,Rautahat,Baudhimai municipality,"1,2,3, 4,5,6,7,8,9"
Madhesh Province,Rautahat,"Madhavnarayan
RM municipality","1,2,3, 4,5"
Madhesh Province,Rautahat,Maulapur municipality,"1,2,3, 4,5,6,7,8,9"
Madhesh Province,Rautahat,Yamunamai municipality,"1,2,3, 4,5"
Madhesh Province,Rautahat,Rajdevi municipality,"1,2,3, 4,5,6,7,8,9"
Madhesh Province,Rautahat,Rajpur municipality,"1,2,3, 4,5,6,7,8,9"
Madhesh Province,Bara,"Adarsha Kotwal
RM municipality","1,2,3, 4,5,6,7,8"
Madhesh Province,Bara,Karaiyamai municipality,"1,2,3, 4,5,6,7,8"
Madhesh Province,Bara,Kalaiya Sub-MP municipality,"1,2,3, 4,5,6,7,8,9,10,11,12,13,14,15,16,17,18,19,20,21,22,23,24,25,26,27"
Madhesh Province,Bara,Kolhawi municipality,"1,2,3, 4,5,6,7,8,9,10,11"
Madhesh Province,Bara,Jitpur-Simara Sub-MP municipality,"1,2,3, 4,5,6,7,8,9,10,11,12,13,14,15,16,17,18,19,20,21,22,23,24"
Madhesh Province,Bara,Devtaal municipality,"1,2,3, 4,5,6,7"
Madhesh Province,Bara,Nijgadh municipality,"1,2,3, 4,5,6,7,8,9,10,11,12,13,"
Madhesh Province,Bara,Pachrauta municipality,"1,2,3, 4,5,6,7,8,9"
Madhesh Province,Bara,Parwanipur municipality,"1,2,3, 4,5"
Madhesh Province,Bara,Prasauni municipality,"1,2,3, 4,5,6,7"
Madhesh Province,Bara,Pheta municipality,"1,2,3, 4,5,6,7"
Madhesh Province,Bara,Baragadhi municipality,"1,2,3, 4,5,6"
Madhesh Province,Bara,Mahagadhimai municipality,"1,2,3, 4,5,6,7,8,9,10,11"
Madhesh Province,Bara,Vishrampur municipality,"1,2,3, 4,5,6,7,8,9,10"
Madhesh Province,Bara,Simraungadh municipality,"1,2,3, 4,5,6,7,8,9,10,11"
Madhesh Province,Bara,Subarna municipality,"1,2,3, 4,5"
Madhesh Province,Parsa,Kalikamai municipality,"1,2,3, 4,5"
Madhesh Province,Parsa,Chhipaharmai municipality,"1,2,3, 4,5"
Madhesh Province,Parsa,Jagarnnathpur municipality,"1,2,3, 4,5"
Madhesh Province,Parsa,Jirabhawani municipality,"1,2,3, 4,5,6"
Madhesh Province,Parsa,Thori municipality,"1,2,3, 4,5"
Madhesh Province,Parsa,Dhobini municipality,"1,2,3, 4,5"
Madhesh Province,Parsa,"Pakahamainpur
RM municipality","1,2,3, 4,5"
Madhesh Province,Parsa,"Paterwa Sugauli
RM municipality","1,2,3, 4,5"
Madhesh Province,Parsa,Parsagadhi municipality,"1,2,3, 4,5,6,7,8,9"
Madhesh Province,Parsa,Pokhariya municipality,"1,2,3, 4,5,6,7,8,9,10"
Madhesh Province,Parsa,Bahudarmai municipality,"1,2,3, 4,5,6,7,8,9"
Madhesh Province,Parsa,Bindabasini municipality,"1,2,3, 4,5"
Madhesh Province,Parsa,Birgunj MP municipality,"1,2,3, 4,5,6,7,8,9,10,11,12,13,14,15,16,17,18,19,20,21,22,23,24,25,26,27,28,29,30,31.32"
Madhesh Province,Parsa,"Sakhuwa Prasauni
RM municipality","1,2,3, 4,5"
Bagmati Province,Sindhuli,Kamalamai municipality,"1,2,3, 4,5,6,7,8,9,10,11,12,13,14"
Bagmati Province,Sindhuli,Golanjor municipality,"1,2,3, 4,5,6,7"
Bagmati Province,Sindhuli,Ghyanglekh municipality,"1,2,3, 4,5"
Bagmati Province,Sindhuli,TiMCatan municipality,"1,2,3, 4,5,6,7,8,9,10,11"
Bagmati Province,Sindhuli,Dudhouli municipality,"1,2,3, 4,5,6,7,8,9,10,11,12,13,14"
Bagmati Province,Sindhuli,Phikkal municipality,"1,2,3, 4,5,6"
Bagmati Province,Sindhuli,Marin municipality,"1,2,3, 4,5,6,7"
Bagmati Province,Sindhuli,Sunkoshi municipality,"1,2,3, 4,5,6,7"
Bagmati Province,Sindhuli,"Hariharpurgadhi
RM municipality","1,2,3, 4,5,6,7,8"
Bagmati Province,Ramechhap,Uma Kunda municipality,"1,2,3, 4,5,6,7"
Bagmati Province,Ramechhap,Khada Devi municipality,"1,2,3, 4,5,6,7,8,9"
Bagmati Province,Ramechhap,Gokul Ganga municipality,"1,2,3, 4,5,6"
Bagmati Province,Ramechhap,Doramba municipality,"1,2,3, 4,5,6,7"
Bagmati Province,Ramechhap,Manthali municipality,"1,2,3, 4,5,6,7,8,9,10,11,12,13,14"
Bagmati Province,Ramechhap,Ramechhap municipality,"1,2,3, 4,5,6,7,8,9"
Bagmati Province,Ramechhap,Likhu municipality,"1,2,3, 4,5,6,7"
Bagmati Province,Ramechhap,Sunapati municipality,"1,2,3, 4,5"
Bagmati Province,Dolakha,Kalinchock municipality,"1,2,3, 4,5,6,7,8,9"
Bagmati Province,Dolakha,Gaurisankar municipality,"1,2,3, 4,5,6,7,8,9"
Bagmati Province,Dolakha,Jiri municipality,"1,2,3, 4,5,6,7,8,9"
Bagmati Province,Dolakha,Tamakoshi municipality,"1,2,3, 4,5,6,7"
Bagmati Province,Dolakha,Bhimeshor municipality,"1,2,3, 4,5,6,7,8,9"
Bagmati Province,Dolakha,Melung municipality,"1,2,3, 4,5,6,7"
Bagmati Province,Dolakha,Bigu municipality,"1,2,3, 4,5,6,7,8"
Bagmati Province,Dolakha,Baiteshor municipality,"1,2,3, 4,5,6,7,8"
Bagmati Province,Dolakha,Sailung municipality,"1,2,3, 4,5,6,7,8"
Bagmati Province,Sindhupalchok,Indrawati municipality,"1,2,3, 4,5,6,7,8,9,10,11,12"
Bagmati Province,Sindhupalchok,Chautara Sangachokgadhi municipality,"1,2,3, 4,5,6,7,8,9,10,11,12,13,14"
Bagmati Province,Sindhupalchok,Jugal municipality,"1,2,3, 4,5,6,7"
Bagmati Province,Sindhupalchok,Tripurasundari municipality,"1,2,3, 4,5,6"
Bagmati Province,Sindhupalchok,Panchpokhari Thanpal municipality,"1,2,3, 4,5,6,7,8"
Bagmati Province,Sindhupalchok,Balephi municipality,"1,2,3, 4,5,6,7,8"
Bagmati Province,Sindhupalchok,Barhabise municipality,"1,2,3, 4,5,6,7,8,9"
Bagmati Province,Sindhupalchok,Bhotekoshi municipality,"1,2,3, 4,5"
Bagmati Province,Sindhupalchok,Melamchi municipality,"1,2,3, 4,5,6,7,8,9,10,11,12,13"
Bagmati Province,Sindhupalchok,"Lisankhupakhar
RM municipality","1,2,3, 4,5,6,7"
Bagmati Province,Sindhupalchok,Sunkoshi municipality,"1,2,3, 4,5,6,7"
Bagmati Province,Sindhupalchok,Helambu municipality,"1,2,3, 4,5,6,7"
Bagmati Province,Kavrepalanchok,Khanikhola municipality,"1,2,3, 4,5,6,7"
Bagmati Province,Kavrepalanchok,Chaurideurali municipality,"1,2,3, 4,5,6,7,8,9"
Bagmati Province,Kavrepalanchok,Timal municipality,"1,2,3, 4,5,6,7,8,9"
Bagmati Province,Kavrepalanchok,Dhulikhel municipality,"1,2,3, 4,5,6,7,8,9,10,11,12"
Bagmati Province,Kavrepalanchok,Namobuddha municipality,"1,2,3, 4,5,6,7,8,9,10,11"
Bagmati Province,Kavrepalanchok,Panauti municipality,"1,2,3, 4,5,6,7,8,9,10,11,12"
Bagmati Province,Kavrepalanchok,Panchkhal municipality,"1,2,3, 4,5,6,7,8,9,10,11,12,13"
Bagmati Province,Kavrepalanchok,Banepa municipality,"1,2,3, 4,5,6,7,8,9,10,11,12,13,14"
Bagmati Province,Kavrepalanchok,Bethanchowk municipality,"1,2,3, 4,5,6"
Bagmati Province,Kavrepalanchok,Bhumlu municipality,"1,2,3, 4,5,6,7,8,9,10"
Bagmati Province,Kavrepalanchok,Mandandeupur municipality,"1,2,3, 4,5,6,7,8,9,10,11,12"
Bagmati Province,Kavrepalanchok,Mahabharat municipality,"1,2,3, 4,5,6,7,8"
Bagmati Province,Kavrepalanchok,Roshi municipality,"1,2,3, 4,5,6,7,8,9,10,11,12"
Bagmati Province,Lalitpur,Konjyosom municipality,"1,2,3, 4,5"
Bagmati Province,Lalitpur,Godawari municipality,"1,2,3, 4,5,6,7,8,9,10,11,12,13,14"
Bagmati Province,Lalitpur,Bagmati municipality,"1,2,3, 4,5,6,7"
Bagmati Province,Lalitpur,Mahankal municipality,"1,2,3, 4,5,6,7,8,9,10"
Bagmati Province,Lalitpur,Mahalaxmi municipality,"1,2,3, 4,5,6"
Bagmati Province,Lalitpur,Lalitpur MP municipality,"1,2,3, 4,5,6,7,8,9,10,11,12,13,14,15,16,17,18,19,20,21,22,23,24,25,26,27,28,29"
Bagmati Province,Bhaktapur,Changunarayan municipality,"1,2,3, 4,5,6,7,8,9"
Bagmati Province,Bhaktapur,Bhaktapur MP municipality,"1,2,3, 4,5,6,7,8,9,10"
Bagmati Province,Bhaktapur,Madhyapur Thimi municipality,"1,2,3, 4,5,6,7,8,9"
Bagmati Province,Bhaktapur,Suryabinayak municipality,"1,2,3, 4,5,6,7,8,9,10"
Bagmati Province,Kathmandu,"Kageshwori
Manohara municipality","1,2,3, 4,5,6,7,8,9"
Bagmati Province,Kathmandu,Kathmandu MP municipality,"1,2,3, 4,5,6,7,8,9,10,11,12,13,14,15,16,17,18,19,20,21,22,23,24,25,26,27,28,29,30,31,32"
Bagmati Province,Kathmandu,Kirtipur municipality,"1,2,3, 4,5,6,7,8,9,10"
Bagmati Province,Kathmandu,Gokarneshwor municipality,"1,2,3, 4,5,6,7,8,9,10"
Bagmati Province,Kathmandu,Chandragiri municipality,"1,2,3, 4,5,6,7,8,9,10,11,12,13,14,15"
Bagmati Province,Kathmandu,Tokha municipality,"1,2,3, 4,5,6,7,8,9,10,11"
Bagmati Province,Kathmandu,Tarkeshwor municipality,"1,2,3, 4,5,6,7,8,9,10,11"
Bagmati Province,Kathmandu,Daxinkali municipality,"1,2,3, 4,5,6,7,8,9"
Bagmati Province,Kathmandu,Nagarjuna municipality,"1,2,3, 4,5,6,7,8,9,10"
Bagmati Province,Kathmandu,Budhanilkantha municipality,"1,2,3, 4,5,6,7,8,9,10,11,12,13"
Bagmati Province,Kathmandu,Shankharapur municipality,"1,2,3, 4,5,6,7,8,9"
Bagmati Province,Nuwakot,Kakani municipality,"1,2,3, 4,5,6,7,8"
Bagmati Province,Nuwakot,Kispang municipality,"1,2,3, 4,5"
Bagmati Province,Nuwakot,Tadi municipality,"1,2,3, 4,5,6"
Bagmati Province,Nuwakot,Tarkeshwor municipality,"1,2,3, 4,5,6"
Bagmati Province,Nuwakot,Dupcheshwor municipality,"1,2,3, 4,5,6"
Bagmati Province,Nuwakot,Panchakanya municipality,"1,2,3, 4,5"
Bagmati Province,Nuwakot,Belkotgadi municipality,"1,2,3, 4,5,6,7,8,9,10,11,12,13"
Bagmati Province,Nuwakot,Meghang municipality,"1,2,3, 4,5,6"
Bagmati Province,Nuwakot,Likhu municipality,"1,2,3, 4,5,6"
Bagmati Province,Nuwakot,Bidur municipality,"1,2,3, 4,5,6,7,8,9,10,11,12,13"
Bagmati Province,Nuwakot,Shivapuri municipality,"1,2,3, 4,5,6,7,8"
Bagmati Province,Nuwakot,Suryagadi municipality,"1,2,3, 4,5"
Bagmati Province,Rasuwa,Uttargaya municipality,"1,2,3, 4,5"
Bagmati Province,Rasuwa,Kalika municipality,"1,2,3, 4,5"
Bagmati Province,Rasuwa,Gosaikunda municipality,"1,2,3, 4,5,6"
Bagmati Province,Rasuwa,Naukunda municipality,"1,2,3, 4,5,6"
Bagmati Province,Rasuwa,Parwatikunda municipality,"1,2,3, 4,5"
Bagmati Province,Dhading,Khaniyabash municipality,"1,2,3, 4,5"
Bagmati Province,Dhading,Ganga Jamuna municipality,"1,2,3, 4,5,6,7"
Bagmati Province,Dhading,Gajuri municipality,"1,2,3, 4,5,6,7,8"
Bagmati Province,Dhading,Galchi municipality,"1,2,3, 4,5,6,7,8"
Bagmati Province,Dhading,Jwalamukhi municipality,"1,2,3, 4,5,6,7"
Bagmati Province,Dhading,"Tripurasundary
RM municipality","1,2,3, 4,5,6,7"
Bagmati Province,Dhading,Thakre municipality,"1,2,3, 4,5,6,7,8,9,10,11"
Bagmati Province,Dhading,Dhunibesi municipality,"1,2,3, 4,5,6,7,8,9"
Bagmati Province,Dhading,Neelakantha municipality,"1,2,3, 4,5,6,7,8,9,10,11,12,13,14"
Bagmati Province,Dhading,Netrawati municipality,"1,2,3, 4,5"
Bagmati Province,Dhading,"Benighat Rorang
RM municipality","1,2,3, 4,5,6,7,8,9,10"
Bagmati Province,Dhading,Rubivalley municipality,"1,2,3, 4,5,6"
Bagmati Province,Dhading,Shiddhaekh municipality,"1,2,3, 4,5,6,7"
Bagmati Province,Makwanpur,Indrasarowar municipality,"1,2,3, 4,5,6,7"
Bagmati Province,Makwanpur,Kailash municipality,"1,2,3, 4,5,6,7,8,9,10"
Bagmati Province,Makwanpur,Thaha municipality,"1,2,3, 4,5,6,7,8,9,10,11,12"
Bagmati Province,Makwanpur,Bakaiya municipality,"1,2,3, 4,5,6,7,8,9,10,11,12"
Bagmati Province,Makwanpur,Bagmati municipality,"1,2,3, 4,5,6,7,8,9,10,11,12"
Bagmati Province,Makwanpur,Bhimphedi municipality,"1,2,3, 4,5,6,7,8,9"
Bagmati Province,Makwanpur,"Makwanpurgadhi
RM municipality","1,2,3, 4,5,6,7,8"
Bagmati Province,Makwanpur,Manahari municipality,"1,2,3, 4,5,6,7,8,9"
Bagmati Province,Makwanpur,Raksirang municipality,"1,2,3, 4,5,6,7,8,9"
Bagmati Province,Makwanpur,Hetauda Sub-MP municipality,"1,2,3, 4,5,6,7,8,9,10,11,12,13,14,15,16,17,18,19"
Bagmati Province,Chitwan,"Ichchhakamana
RM municipality","1,2,3, 4,5,6,7"
Bagmati Province,Chitwan,Kalika municipality,"1,2,3, 4,5,6,7,8,9,10,11"
Bagmati Province,Chitwan,Khairahani municipality,"1,2,3, 4,5,6,7,8,9,10,11,12,13"
Bagmati Province,Chitwan,Bharatpur municipality,"1,2,3, 4,5,6,7,8,9,10,11,12,13,14,15,16,17,18,19,20,21,22,23,24,25,26,27,28,29"
Bagmati Province,Chitwan,Madi municipality,"1,2,3, 4,5,6,7,8,9"
Bagmati Province,Chitwan,Ratnanagar municipality,"1,2,3, 4,5,6,7,8,9,10,11,12,13,14,15,16"
Bagmati Province,Chitwan,Rapti municipality,"1,2,3, 4,5,6,7,8,9,10,11,12,13"
Gandaki Province,Gorkha,Ajirkot municipality,"1,2,3, 4,5"
Gandaki Province,Gorkha,Aarughat municipality,"1,2,3, 4,5,6,7,8,9,10"
Gandaki Province,Gorkha,Gandaki municipality,"1,2,3, 4,5,6,7,8"
Gandaki Province,Gorkha,Gorkha municipality,"1,2,3, 4,5,6,7,8,9,10,11,12,13,14"
Gandaki Province,Gorkha,Chumnubri municipality,"1,2,3, 4,5,6,7"
Gandaki Province,Gorkha,Dharche municipality,"1,2,3, 4,5,6,7"
Gandaki Province,Gorkha,Palungtar municipality,"1,2,3, 4,5,6,7,8,9,10"
Gandaki Province,Gorkha,Bhimsen municipality,"1,2,3, 4,5,6"
Gandaki Province,Gorkha,Shahid Lakhan municipality,"1,2,3, 4,5,6,7,8,9"
Gandaki Province,Gorkha,Siranchowk municipality,"1,2,3, 4,5,6,7,8"
Gandaki Province,Gorkha,Sulikot municipality,"1,2,3, 4,5,6,7,8"
Gandaki Province,Lamjung,Kolasothar municipality,"1,2,3, 4,5,6,7,8,9"
Gandaki Province,Lamjung,Dhudh Pokhari municipality,"1,2,3, 4,5,6"
Gandaki Province,Lamjung,Dordi municipality,"1,2,3, 4,5,6,7,8,9"
Gandaki Province,Lamjung,Besisahar municipality,"1,2,3, 4,5,6,7,8,9,10,11"
Gandaki Province,Lamjung,Madhya Nepal municipality,"1,2,3, 4,5,6,7,8,9,10"
Gandaki Province,Lamjung,Marsyandi municipality,"1,2,3, 4,5,6,7,8,9"
Gandaki Province,Lamjung,Rainas municipality,"1,2,3, 4,5,6,7,8,9,10"
Gandaki Province,Lamjung,Sundarbazar municipality,"1,2,3, 4,5,6,7,8,9,10,11"
Gandaki Province,Tanahu,Anbukhaireni municipality,"1,2,3, 4,5,6"
Gandaki Province,Tanahu,Rishinga municipality,"1,2,3, 4,5,6,7,8"
Gandaki Province,Tanahu,Ghiring municipality,"1,2,3, 4,5"
Gandaki Province,Tanahu,Devghat municipality,"1,2,3, 4,5"
Gandaki Province,Tanahu,Bhanu municipality,"1,2,3, 4,5,6,7,8,9,10,11,12,13"
Gandaki Province,Tanahu,Bhimad municipality,"1,2,3, 4,5,6,7,8,9,10"
Gandaki Province,Tanahu,Myagde municipality,"1,2,3, 4,5,6,7"
Gandaki Province,Tanahu,Bandipur municipality,"1,2,3, 4,5,6"
Gandaki Province,Tanahu,Byas municipality,"1,2,3, 4,5,6,7,8,9,10,11,12,13,14"
Gandaki Province,Tanahu,Suklagandaki municipality,"1,2,3, 4,5,6,7,8,9,10,11,12"
Gandaki Province,Syangja,Arjunchaupari municipality,"1,2,3, 4,5"
Gandaki Province,Syangja,Adhikola municipality,"1,2,3, 4,5,6"
Gandaki Province,Syangja,Kaligandaki municipality,"1,2,3, 4,5,6,7"
Gandaki Province,Syangja,Galayang municipality,"1,2,3, 4,5,6,7,8,9,10,11"
Gandaki Province,Syangja,Chapakot municipality,"1,2,3, 4,5,6,7,8,9,10"
Gandaki Province,Syangja,Putalibazar municipality,"1,2,3, 4,5,6,7,8,9,10,11,12,13,14"
Gandaki Province,Syangja,Fedhikhola municipality,"1,2,3, 4,5"
Gandaki Province,Syangja,Biruwa municipality,"1,2,3, 4,5,6,7,8"
Gandaki Province,Syangja,Bhirkot municipality,"1,2,3, 4,5,6,7,8,9"
Gandaki Province,Syangja,Walling municipality,"1,2,3, 4,5,6,7,8,9,10,11,12,13,14"
Gandaki Province,Syangja,Harinas municipality,"1,2,3, 4,5,6,7"
Gandaki Province,Kaski,Annapurna municipality,"1,2,3, 4,5,6,7,8,9,10,11"
Gandaki Province,Kaski,"Pokhara Lekhnath
MP municipality","1,2,3, 4,5,6,7,8,9,10,11,12,13,14,15,16,17,18,19,20,21,22,23,24,25,26,27,28,29,30,31,32,33"
Gandaki Province,Kaski,"Machhapuchhre
RM municipality","1,2,3, 4,5,6,7,8,9"
Gandaki Province,Kaski,Madi municipality,"1,2,3, 4,5,6,7,8,9,10,11,12"
Gandaki Province,Kaski,Rupa municipality,"1,2,3, 4,5,6,7"
Gandaki Province,Manang,Chame municipality,"1,2,3, 4,5"
Gandaki Province,Manang,Narfu municipality,"1,2,3, 4,5"
Gandaki Province,Manang,Nashong municipality,"1,2,3, 4,5,6,7,8,9"
Gandaki Province,Manang,Neshyang municipality,"1,2,3, 4,5,6,7,8,9"
Gandaki Province,Mustang,Gharpojang municipality,"1,2,3, 4,5"
Gandaki Province,Mustang,Thasang municipality,"1,2,3, 4,5"
Gandaki Province,Mustang,Dalomey municipality,"1,2,3, 4,5"
Gandaki Province,Mustang,Lomanthan municipality,"1,2,3, 4,5"
Gandaki Province,Mustang,Baragaun Muktichhetra municipality,"1,2,3, 4,5"
Gandaki Province,Myagdi,Annapurna municipality,"1,2,3, 4,5,6,7,8"
Gandaki Province,Myagdi,Dhaulagiri municipality,"1,2,3, 4,5,6,7"
Gandaki Province,Myagdi,Beni municipality,"1,2,3, 4,5,6,7,8,9,10"
Gandaki Province,Myagdi,Mangal municipality,"1,2,3, 4,5"
Gandaki Province,Myagdi,Malika municipality,"1,2,3, 4,5,6,7"
Gandaki Province,Myagdi,Raghuganga municipality,"1,2,3, 4,5,6,7,8"
Gandaki Province,Parbat,Kushma municipality,"1,2,3, 4,5,6,7,8,9,10,11,12,13,14"
Gandaki Province,Parbat,Jaljala municipality,"1,2,3, 4,5,6,7,8"
Gandaki Province,Parbat,Painyu municipality,"1,2,3, 4,5,6,7"
Gandaki Province,Parbat,Phalewas municipality,"1,2,3, 4,5,6,7,8,9,10,11"
Gandaki Province,Parbat,Mahashila municipality,"1,2,3, 4,5,6"
Gandaki Province,Parbat,Modi municipality,"1,2,3, 4,5,6,7,8"
Gandaki Province,Parbat,Bihadi municipality,"1,2,3, 4,5,6"
Gandaki Province,Baglung,Kathekhola municipality,"1,2,3, 4,5,6,7,8"
Gandaki Province,Baglung,Galkot municipality,"1,2,3, 4,5,6,7,8,9,10,11"
Gandaki Province,Baglung,Jaimini municipality,"1,2,3, 4,5,6,7,8,9,10"
Gandaki Province,Baglung,Dhorpatan municipality,"1,2,3, 4,5,6,7,8,9"
Gandaki Province,Baglung,Taman Khola municipality,"1,2,3, 4,5,6"
Gandaki Province,Baglung,Tarakhola Rular municipality,"1,2,3, 4,5"
Gandaki Province,Baglung,Nisikhola municipality,"1,2,3, 4,5,6,7"
Gandaki Province,Baglung,Baglung municipality,"1,2,3, 4,5,6,7,8,9,10,11,12,13,14"
Gandaki Province,Baglung,Badigad municipality,"1,2,3, 4,5,6,7,8"
Gandaki Province,Baglung,Barang municipality,"1,2,3, 4,5"
Gandaki Province,Nawalparasi_ East,Kawasoti municipality,"1,2,3, 4,5,6,7,8,9,10,11,12,13,14,15,16,17"
Gandaki Province,Nawalparasi_ East,Gaidakot municipality,"1,2,3, 4,5,6,7,8,9,10,11.12.13.14.15.16.17.18"
Gandaki Province,Nawalparasi_ East,Devchuli municipality,"1,2,3, 4,5,6,7,8,9,10,11,12,13,14,15,16,17"
Gandaki Province,Nawalparasi_ East,Bungdikali municipality,"1,2,3, 4,5,6"
Gandaki Province,Nawalparasi_ East,Bulingtar municipality,"1,2,3, 4,5,6"
Gandaki Province,Nawalparasi_ East,Madhyabindu municipality,"1,2,3, 4,5,6,7,8,9,10,11,12,13,14,15"
Gandaki Province,Nawalparasi_ East,Binayatriveni municipality,"1,2,3, 4,5,6,7"
Gandaki Province,Nawalparasi_ East,Hupsekot municipality,"1,2,3, 4,5,6"
Lumbini Province,Gulmi,Isma municipality,"1,2,3, 4,5,6"
Lumbini Province,Gulmi,Kaligandaki municipality,"1,2,3, 4,5,6,7"
Lumbini Province,Gulmi,Darbar municipality,"1,2,3, 4,5,6,7,8"
Lumbini Province,Gulmi,Chandrakot municipality,"1,2,3, 4,5,6"
Lumbini Province,Gulmi,Chhatrakot municipality,"1,2,3, 4,5,6,7,8"
Lumbini Province,Gulmi,Dhurkot municipality,"1,2,3, 4,5,6,7,8"
Lumbini Province,Gulmi,Madane municipality,"1,2,3, 4,5,6,7"
Lumbini Province,Gulmi,Malika municipality,"1,2,3, 4,5,6,7,8"
Lumbini Province,Gulmi,Musikot municipality,"1,2,3, 4,5,6,7,8,9,10,11,12,13,14"
Lumbini Province,Gulmi,Ruru municipality,"1,2,3, 4,5,6"
Lumbini Province,Gulmi,Resunga municipality,"1,2,3, 4,5,6,7,8,9,10,11,12,13,14"
Lumbini Province,Gulmi,Satyabati municipality,"1,2,3, 4,5,6,7,8"
Lumbini Province,Palpa,Tansen municipality,"1,2,3, 4,5,6,7,8,9,10,11,12,13,14"
Lumbini Province,Palpa,Tinahu municipality,"1,2,3, 4,5,6"
Lumbini Province,Palpa,Nisdi municipality,"1,2,3, 4,5,6,7"
Lumbini Province,Palpa,Purvakhola municipality,"1,2,3, 4,5,6"
Lumbini Province,Palpa,Bagnaskali municipality,"1,2,3, 4,5,6,7,8,9"
Lumbini Province,Palpa,Mathagadi municipality,"1,2,3, 4,5,6,7,8"
Lumbini Province,Palpa,Ramva municipality,"1,2,3, 4,5"
Lumbini Province,Palpa,Rampur municipality,"1,2,3, 4,5,6,7,8,9,10"
Lumbini Province,Palpa,Ribdikot municipality,"1,2,3, 4,5,6,7,8"
Lumbini Province,Palpa,Rainadevi Chhahara municipality,"1,2,3, 4,5,6,7,8"
Lumbini Province,Nawalparasi_ West,Palinandan municipality,"1,2,3, 4,5,6"
Lumbini Province,Nawalparasi_ West,Pratappur municipality,"1,2,3, 4,5,6,7"
Lumbini Province,Nawalparasi_ West,Bardaghat municipality,"1,2,3, 4,5,6,7,8,9,10,11,12,13,14,15,16"
Lumbini Province,Nawalparasi_ West,Ramgram municipality,"1,2,3, 4,5,6,7,8,9,10,11,12,13,14,15,16,17,18"
Lumbini Province,Nawalparasi_ West,Sarawal municipality,"1,2,3, 4,5,6,7"
Lumbini Province,Nawalparasi_ West,Sunwal municipality,"1,2,3, 4,5,6,7,8,9,10,11,12,13"
Lumbini Province,Nawalparasi_ West,Susta municipality,"1,2,3, 4,5"
Lumbini Province,Rupandehi,Om Satiya municipality,"1,2,3, 4,5,6"
Lumbini Province,Rupandehi,Kanchan municipality,"1,2,3, 4,5"
Lumbini Province,Rupandehi,Kotaimai municipality,"1,2,3, 4,5,6,7"
Lumbini Province,Rupandehi,Gaidahawa municipality,"1,2,3, 4,5,6,7,8,9"
Lumbini Province,Rupandehi,Tilottama municipality,"1,2,3, 4,5,6,7,8,9,10,11,12,13,14,15,16,17"
Lumbini Province,Rupandehi,Devdaha municipality,"1,2,3, 4,5,6,7,8,9,10,11,12"
Lumbini Province,Rupandehi,Butawal Sub-MP municipality,"1,2,3, 4,5,6,7,8,9,10,11,12,13,14,15,16,17,18,19"
Lumbini Province,Rupandehi,Marchawari municipality,"1,2,3, 4,5,6,7"
Lumbini Province,Rupandehi,Mayadevi municipality,"1,2,3, 4,5,6"
Lumbini Province,Rupandehi,Rohini municipality,"1,2,3, 4,5,6,7"
Lumbini Province,Rupandehi,Lumbini municipality,"1,2,3, 4,5,6,7,8,9,10,11,12,13"
Lumbini Province,Rupandehi,Suddhodhan municipality,"1,2,3, 4,5,6,7"
Lumbini Province,Rupandehi,Sammarimai municipality,"1,2,3, 4,5,6,7"
Lumbini Province,Rupandehi,Siddarthanagar municipality,"1,2,3, 4,5,6,7,8,9,10,11,12,13"
Lumbini Province,Rupandehi,Siyari municipality,"1,2,3, 4,5,6,7"
Lumbini Province,Rupandehi,Sainamaina municipality,"1,2,3, 4,5,6,7,8,9,10,11"
Lumbini Province,Kapilbastu,Kapilvastu municipality,"1,2,3, 4,5,6,7,8,9,10,11,12"
Lumbini Province,Kapilbastu,Krishnanagar municipality,"1,2,3, 4,5,6,7,8,9,10,11,12"
Lumbini Province,Kapilbastu,Banaganga municipality,"1,2,3, 4,5,6,7,8,9,10,11"
Lumbini Province,Kapilbastu,Buddhabhumi municipality,"1,2,3, 4,5,6,7,8,9,10"
Lumbini Province,Kapilbastu,Maharjganj municipality,"1,2,3, 4,5,6,7,8,9,10,11"
Lumbini Province,Kapilbastu,Mayadevi municipality,"1,2,3, 4,5,6,7,8"
Lumbini Province,Kapilbastu,Yashodhara municipality,"1,2,3, 4,5,6,7,8"
Lumbini Province,Kapilbastu,Vijayanagar municipality,"1,2,3, 4,5,6,7"
Lumbini Province,Kapilbastu,Shivaraj municipality,"1,2,3, 4,5,6,7,8,9,10,11"
Lumbini Province,Kapilbastu,Shuddhodhan municipality,"1,2,3, 4,5,6,7"
Lumbini Province,Arghakhanchi,Chhatradev municipality,"1,2,3, 4,5,6,7,8"
Lumbini Province,Arghakhanchi,Panini municipality,"1,2,3, 4,5,6,7,8"
Lumbini Province,Arghakhanchi,Bhumekasthan municipality,"1,2,3, 4,5,6,7,8,9,10"
Lumbini Province,Arghakhanchi,Malarani municipality,"1,2,3, 4,5,6,7,8,9"
Lumbini Province,Arghakhanchi,Sitganga municipality,"1,2,3, 4,5,6,7,8,9,10,11,12,13,14"
Lumbini Province,Arghakhanchi,Sandhikharka municipality,"1,2,3, 4,5,6,7,8,9,10,11,12"
Lumbini Province,Pyuthan,Airawoti municipality,"1,2,3, 4,5,6,7,8,9,10"
Lumbini Province,Pyuthan,Gaumukhi municipality,"1,2,3, 4,5,6,7"
Lumbini Province,Pyuthan,Jhimruk municipality,"1,2,3, 4,5,6,7,8"
Lumbini Province,Pyuthan,Naubahini municipality,"1,2,3, 4,5,6"
Lumbini Province,Pyuthan,Pyuthan municipality,"1,2,3, 4,5,6,7,8,9,10"
Lumbini Province,Pyuthan,Mallarani municipality,"1,2,3, 4,5"
Lumbini Province,Pyuthan,Mandavi municipality,"1,2,3, 4,5"
Lumbini Province,Pyuthan,Sarumarani municipality,"1,2,3, 4,5,6"
Lumbini Province,Pyuthan,Swargadwari municipality,"1,2,3, 4,5,6,7,8"
Lumbini Province,Rolpa,Tirbeni municipality,"1,2,3, 4,5,6,7"
Lumbini Province,Rolpa,Thawang municipality,"1,2,3, 4,5"
Lumbini Province,Rolpa,Duikholi municipality,"1,2,3, 4,5,6"
Lumbini Province,Rolpa,Madi municipality,"1,2,3, 4,5,6,7"
Lumbini Province,Rolpa,Runtigadhi municipality,"1,2,3, 4,5,6,7,8"
Lumbini Province,Rolpa,Rolpa municipality,"1,2,3, 4,5,6,7,8,9,10"
Lumbini Province,Rolpa,Lungri municipality,"1,2,3, 4,5,6,7"
Lumbini Province,Rolpa,Sukidaha municipality,"1,2,3, 4,5,6,7"
Lumbini Province,Rolpa,Sunchhahari municipality,"1,2,3, 4,5,6,7"
Lumbini Province,Rolpa,Subarnawati municipality,"1,2,3, 4,5,6,7,8"
Lumbini Province,Rukum_East,"Putha Uttarganga
RM municipality","1,2,3, 4,5,6,7,8,9,10,11,12,13,14"
Lumbini Province,Rukum_East,Bhume municipality,"1,2,3, 4,5,6,7,8,9"
Lumbini Province,Rukum_East,Sisne municipality,"1,2,3, 4,5,6,7,8"
Lumbini Province,Dang,Gadhawa municipality,"1,2,3, 4,5,6,7,8,9,10,11,12,13,14,15,16,17,18,19"
Lumbini Province,Dang,Ghorahi Sub-MP municipality,"1,2,3, 4,5,6,7,8,9,10,11,12,13,14,15,16,17,18,19"
Lumbini Province,Dang,Tulsipur Sub-MP municipality,"1,2,3, 4,5,6,7,8,9,10,11,12,13,14,15,16,17,18,19"
Lumbini Province,Dang,Dangisaran municipality,"1,2,3, 4,5,6,7"
Lumbini Province,Dang,Bangalachuli municipality,"1,2,3, 4,5,6,7"
Lumbini Province,Dang,Babai municipality,"1,2,3, 4,5,6,7"
Lumbini Province,Dang,Rajpur municipality,"1,2,3, 4,5,6,7"
Lumbini Province,Dang,Rapti municipality,"1,2,3, 4,5,6,7,8,9"
Lumbini Province,Dang,Lamahi municipality,"1,2,3, 4,5,6,7,8,9"
Lumbini Province,Dang,Shantinagar municipality,"1,2,3, 4,5,6,7"
Lumbini Province,Banke,Kohalpur municipality,"1,2,3, 4,5,6,7,8,9,10,11,12,13,14,15"
Lumbini Province,Banke,Khajura municipality,"1,2,3, 4,5,6,7,8"
Lumbini Province,Banke,Janaki municipality,"1,2,3, 4,5,6"
Lumbini Province,Banke,Duduwa municipality,"1,2,3, 4,5,6"
Lumbini Province,Banke,Narainapur municipality,"1,2,3, 4,5,6"
Lumbini Province,Banke,Nepalgunj Sub-MP municipality,"1,2,3, 4,5,6,7,8,9,10,11,12,13,14,15,16,17,18,19,20,21,22,23"
Lumbini Province,Banke,Baijnath municipality,"1,2,3, 4,5,6,7,8"
Lumbini Province,Banke,Raptisonari municipality,"1,2,3, 4,5,6,7,8,9"
Lumbini Province,Bardiya,Gulariya municipality,"1,2,3, 4,5,6,7,8,9,10,11,12"
Lumbini Province,Bardiya,Geruwa municipality,"1,2,3, 4,5,6"
Lumbini Province,Bardiya,Thakurbaba municipality,"1,2,3, 4,5,6,7,8,9"
Lumbini Province,Bardiya,Badhaiya Tal municipality,"1,2,3, 4,5,6,7,8,9,10,11"
Lumbini Province,Bardiya,Bansgadhi municipality,"1,2,3, 4,5,6,7,8,9"
Lumbini Province,Bardiya,Barbardiya municipality,"1,2,3, 4,5,6,7,8,9,10,11"
Lumbini Province,Bardiya,Madhuvan municipality,"1,2,3, 4,5,6,7,8,9"
Lumbini Province,Bardiya,Rajapur municipality,"1,2,3, 4,5,6,7,8,9,10"
Karnali Province,Rukum_West,Aathabiskot municipality,"1,2,3, 4,5,6,7,8,9,10,11,12,13,14"
Karnali Province,Rukum_West,Chaurjhari municipality,"1,2,3, 4,5,6,7,8,9,10,11,12,13,14"
Karnali Province,Rukum_West,Triveni municipality,"1,2,3, 4,5,6,7,8,9,10"
Karnali Province,Rukum_West,Baphikot municipality,"1,2,3, 4,5,6,7,8,9,10"
Karnali Province,Rukum_West,Musikot municipality,"1,2,3, 4,5,6,7,8,9,10,11,12,13,14"
Karnali Province,Rukum_West,Sanibheri municipality,"1,2,3, 4,5,6,7,8,9,10,11"
Karnali Province,Salyan,Kapurkot municipality,"1,2,3, 4,5,6"
Karnali Province,Salyan,Kalimati municipality,"1,2,3, 4,5,6,7"
Karnali Province,Salyan,"Kumankh Malika
RM municipality","1,2,3, 4,5,6,7"
Karnali Province,Salyan,Chhatreshwari municipality,"1,2,3, 4,5,6,7"
Karnali Province,Salyan,Dhorchaur municipality,"1,2,3, 4,5,6,7"
Karnali Province,Salyan,Tribeni municipality,"1,2,3, 4,5,6,7"
Karnali Province,Salyan,Darma municipality,"1,2,3, 4,5,6"
Karnali Province,Salyan,Bangadkupinde municipality,"1,2,3, 4,5,6,7,8,9,10"
Karnali Province,Salyan,Bagchaur municipality,"1,2,3, 4,5,6,7,8,9,10,11,12"
Karnali Province,Salyan,Sharada municipality,"1,2,3, 4,5,6,7,8,9,10,11,12,13,14,15"
Karnali Province,Surkhet,Gurvakot municipality,"1,2,3, 4,5,6,7,8,9,10,11,12,13,14"
Karnali Province,Surkhet,Chingad municipality,"1,2,3, 4,5,6"
Karnali Province,Surkhet,Chaukune municipality,"1,2,3, 4,5,6,7,8,9,10"
Karnali Province,Surkhet,Panchapuri municipality,"1,2,3, 4,5,6,7,8,9,10,11"
Karnali Province,Surkhet,Baraha Taal municipality,"1,2,3, 4,5,6,7,8,9,10"
Karnali Province,Surkhet,Birendranagar municipality,"1,2,3, 4,5,6,7,8,9,10,11,12,13,14,15,16"
Karnali Province,Surkhet,Bheri Ganga municipality,"1,2,3, 4,5,6,7,8,9,10,11,12,13"
Karnali Province,Surkhet,Lekbeshi municipality,"1,2,3, 4,5,6,7,8,9,10"
Karnali Province,Surkhet,Simta municipality,"1,2,3, 4,5,6,7,8"
Karnali Province,Dailekh,Aathbis municipality,"1,2,3, 4,5,6,7,8"
Karnali Province,Dailekh,Gurans municipality,"1,2,3, 4,5,6,7,8"
Karnali Province,Dailekh,Chamunda Bindrasaini municipality,"1,2,3, 4,5,6,7,8,9"
Karnali Province,Dailekh,Thatikadh municipality,"1,2,3, 4,5,6"
Karnali Province,Dailekh,Dungeswor municipality,"1,2,3, 4,5,6"
Karnali Province,Dailekh,Dullu municipality,"1,2,3, 4,5,6,7,8,9,10,11,12,13"
Karnali Province,Dailekh,Narayan municipality,"1,2,3, 4,5,6,7,8,9,10,11"
Karnali Province,Dailekh,Naumule municipality,"1,2,3, 4,5,6,7,8"
Karnali Province,Dailekh,Bhagwatimai municipality,"1,2,3, 4,5,6,7,8"
Karnali Province,Dailekh,Bhairabi municipality,"1,2,3, 4,5,6,7"
Karnali Province,Dailekh,Mahabu municipality,"1,2,3, 4,5,6"
Karnali Province,Jajarkot,Kuse municipality,"1,2,3, 4,5,6,7,8,9"
Karnali Province,Jajarkot,Chhedagad municipality,"1,2,3, 4,5,6,7,8,9,10,11,12,13"
Karnali Province,Jajarkot,Junichande municipality,"1,2,3, 4,5,6,7,8,9,10,11"
Karnali Province,Jajarkot,Tribeni Nalgad municipality,"1,2,3, 4,5,6,7,8,9,10,11,12,13"
Karnali Province,Jajarkot,Barekot municipality,"1,2,3, 4,5,6,7,8,9"
Karnali Province,Jajarkot,Bheri municipality,"1,2,3, 4,5,6,7,8,9,10,11,12,13"
Karnali Province,Jajarkot,Shibalaya municipality,"1,2,3, 4,5,6,7,8,9"
Karnali Province,Dolpa,Kaike municipality,"1,2,3, 4,5,6"
Karnali Province,Dolpa,"Chharka Tangsong
RM municipality","1,2,3, 4,5"
Karnali Province,Dolpa,Jagadulla municipality,"1,2,3, 4,5,6"
Karnali Province,Dolpa,Thulibheri municipality,"1,2,3, 4,5,6,7,8,9,10,11"
Karnali Province,Dolpa,Dolpobuddha municipality,"1,2,3, 4,5"
Karnali Province,Dolpa,Tripurasundari municipality,"1,2,3, 4,5,6,7,8,9,10,11"
Karnali Province,Dolpa,Mudkechula municipality,"1,2,3, 4,5,6,7,8,9"
Karnali Province,Dolpa,Shey Phoksundo municipality,"1,2,3, 4,5,6,7,8"
Karnali Province,Jumla,Kankasundari municipality,"1,2,3, 4,5,6,7,8"
Karnali Province,Jumla,Guthichaur municipality,"1,2,3, 4,5"
Karnali Province,Jumla,Chandannath municipality,"1,2,3, 4,5,6,7,8,9,10"
Karnali Province,Jumla,Tatopani municipality,"1,2,3, 4,5,6,7,8"
Karnali Province,Jumla,Tila municipality,"1,2,3, 4,5,6,7,8,9"
Karnali Province,Jumla,Patarasi municipality,"1,2,3, 4,5,6,7"
Karnali Province,Jumla,Sinja municipality,"1,2,3, 4,5,6"
Karnali Province,Jumla,Hima municipality,"1,2,3, 4,5,6,7"
Karnali Province,Kalikot,Kalika municipality,"1,2,3, 4,5,6,7,8,9,10,11"
Karnali Province,Kalikot,Khadachakra municipality,"1,2,3, 4,5,6,7,8,9,10,11"
Karnali Province,Kalikot,Tilagufa municipality,"1,2,3, 4,5,6,7,8,9,10"
Karnali Province,Kalikot,Naraharinath municipality,"1,2,3, 4,5,6,7,8,9"
Karnali Province,Kalikot,Pachaljharna municipality,"1,2,3, 4,5,6,7,8"
Karnali Province,Kalikot,Palata municipality,"1,2,3, 4,5,6,7,8,9"
Karnali Province,Kalikot,Mahawai municipality,"1,2,3, 4,5,6,7"
Karnali Province,Kalikot,Raskot municipality,"1,2,3, 4,5,6,7,8,9"
Karnali Province,Kalikot,Satri Tribeni municipality,"1,2,3, 4,5,6,7,8,89"
Karnali Province,Mugu,Khatyad municipality,"1,2,3, 4,5,6,7,8,9,10,11"
Karnali Province,Mugu,Rara Chhayanath municipality,"1,2,3, 4,5,6,7,8,9"
Karnali Province,Mugu,"Mugum
Karmarong municipality","1,2,3, 4,5,6"
Karnali Province,Mugu,Soru municipality,"1,2,3, 4,5,6"
Karnali Province,Humla,Adanchuli municipality,"1,2,3, 4,5,6"
Karnali Province,Humla,Kharpunath municipality,"1,2,3, 4,5,6"
Karnali Province,Humla,Chankheli municipality,"1,2,3, 4,5,6,7"
Karnali Province,Humla,Tanjakot municipality,"1,2,3, 4,5,6"
Karnali Province,Humla,Namkha municipality,"1,2,3, 4,5,6"
Karnali Province,Humla,Sarkegad municipality,"1,2,3, 4,5,6,7,8"
Karnali Province,Humla,Simkot municipality,"1,2,3, 4,5,6,7,8"
Sudurpashchim Province,Bajura,Gaumul municipality,"1,2,3, 4,5,6"
Sudurpashchim Province,Bajura,Chhededhaha municipality,"1,2,3, 4,5,6,7"
Sudurpashchim Province,Bajura,Triveni municipality,"1,2,3, 4,5,6,7,8,9"
Sudurpashchim Province,Bajura,Pandavgupha municipality,"1,2,3, 4,5"
Sudurpashchim Province,Bajura,Badimalika municipality,"1,2,3, 4,5,6,7,8,9"
Sudurpashchim Province,Bajura,Budhiganga municipality,"1,2,3, 4,5,6,7,8,9,10"
Sudurpashchim Province,Bajura,Budhinanda municipality,"1,2,3, 4,5,6,7,8,9,10"
Sudurpashchim Province,Bajura,Swamikartik municipality,"1,2,3, 4,5,6,7"
Sudurpashchim Province,Bajura,Himali municipality,"1,2,3, 4,5,6,7"
Sudurpashchim Province,Bajhang,Kanda municipality,"1,2,3, 4,5"
Sudurpashchim Province,Bajhang,Kedarsiuy municipality,"1,2,3, 4,5,6"
Sudurpashchim Province,Bajhang,"Khaptad Chhana
RM municipality","1,2,3, 4,5,6,7"
Sudurpashchim Province,Bajhang,Chhabispathi Bhera municipality,"1,2,3, 4,5,6,7"
Sudurpashchim Province,Bajhang,Jaya Prithvi municipality,"1,2,3, 4,5,6,7,8,9,10"
Sudurpashchim Province,Bajhang,Talkot municipality,"1,2,3, 4,5,6,7"
Sudurpashchim Province,Bajhang,Thalara municipality,"1,2,3, 4,5,6,7,8,9"
Sudurpashchim Province,Bajhang,Durgathali municipality,"1,2,3, 4,5,6,7"
Sudurpashchim Province,Bajhang,Bungal municipality,"1,2,3, 4,5,6,7,8,9,10,11"
Sudurpashchim Province,Bajhang,Masta municipality,"1,2,3, 4,5,6,7"
Sudurpashchim Province,Bajhang,Bitthadchir municipality,"1,2,3, 4,5,6,7,8,9"
Sudurpashchim Province,Bajhang,Surma municipality,"1,2,3, 4,5,6,7,8"
Sudurpashchim Province,Achham,Kamalbajar municipality,"1,2,3, 4,5,6,7,8,9,10"
Sudurpashchim Province,Achham,Chaurpati municipality,"1,2,3, 4,5,6,7"
Sudurpashchim Province,Achham,Dhakari municipality,"1,2,3, 4,5,6,7,8"
Sudurpashchim Province,Achham,Turmakhd municipality,"1,2,3, 4,5,6,7,8"
Sudurpashchim Province,Achham,Panchadewal Binayak municipality,"1,2,3, 4,5,6,7,8,9"
Sudurpashchim Province,Achham,Bannigadhi Jayagadh municipality,"1,2,3, 4,5,6,7,8,9"
Sudurpashchim Province,Achham,Mangalsen municipality,"1,2,3, 4,5,6,7,8,9,10,11,12,13,14"
Sudurpashchim Province,Achham,Mellekh municipality,"1,2,3, 4,5,6,7,8"
Sudurpashchim Province,Achham,Ramaroshan municipality,"1,2,3, 4,5,6,7"
Sudurpashchim Province,Achham,SaMChebagar municipality,"1,2,3, 4,5,6,7,8,9,10,11,12,13,14"
Sudurpashchim Province,Doti,Adarsha municipality,"1,2,3, 4,5,6,7,8"
Sudurpashchim Province,Doti,Ki Singh municipality,"1,2,3, 4,5,6,7"
Sudurpashchim Province,Doti,Jorayal municipality,"1,2,3, 4,5,6"
Sudurpashchim Province,Doti,Dipayal Silgadi municipality,"1,2,3, 4,5,6,7,8,9"
Sudurpashchim Province,Doti,Purvichauki municipality,"1,2,3, 4,5,6,7"
Sudurpashchim Province,Doti,Baddikedar municipality,"1,2,3, 4,5"
Sudurpashchim Province,Doti,Bogatan municipality,"1,2,3, 4,5,6,7"
Sudurpashchim Province,Doti,Sikhar municipality,"1,2,3, 4,5,6,7,8,9,10,11"
Sudurpashchim Province,Doti,Sayal municipality,"1,2,3, 4,5,6"
Sudurpashchim Province,Kailali,Kailari municipality,"1,2,3, 4,5,6,7,8,9"
Sudurpashchim Province,Kailali,Godawari municipality,"1,2,3, 4,5,6,7,8,9,10,11,12"
Sudurpashchim Province,Kailali,Gauriganga municipality,"1,2,3, 4,5,6,7,8,9,10,11"
Sudurpashchim Province,Kailali,Ghodaghodi municipality,"1,2,3, 4,5,6,7,8,9,10,11,12"
Sudurpashchim Province,Kailali,Chure municipality,"1,2,3, 4,5,6"
Sudurpashchim Province,Kailali,Janaki municipality,"1,2,3, 4,5,6,7,8,9"
Sudurpashchim Province,Kailali,Joshipur municipality,"1,2,3, 4,5,6,7"
Sudurpashchim Province,Kailali,Tikapur municipality,"1,2,3, 4,5,6,7,8,9"
Sudurpashchim Province,Kailali,"Dhangadhi Sub-
MP municipality","1,2,3, 4,5,6,7,8,9,10,11,12,13,14,15,16,17,18,19"
Sudurpashchim Province,Kailali,Bardagoriya municipality,"1,2,3, 4,5,6"
Sudurpashchim Province,Kailali,Bhajani municipality,"1,2,3, 4,5,6,7,8,9"
Sudurpashchim Province,Kailali,Mohanyal municipality,"1,2,3, 4,5,6,7"
Sudurpashchim Province,Kailali,Lamkichuha municipality,"1,2,3, 4,5,6,7,8,9,10"
Sudurpashchim Province,KanchaMCur,Krishnapur municipality,"1,2,3, 4,5,6,7,8,9"
Sudurpashchim Province,KanchaMCur,Punarbash municipality,"1,2,3, 4,5,6,7,8,9,10,11"
Sudurpashchim Province,KanchaMCur,Beldandi municipality,"1,2,3, 4,5"
Sudurpashchim Province,KanchaMCur,Belauri municipality,"1,2,3, 4,5,6,7,8,9,10"
Sudurpashchim Province,KanchaMCur,Bhimdatta municipality,"1,2,3, 4,5,6,7,8,9,10,11,12,13,14,15,16,17,18,19"
Sudurpashchim Province,KanchaMCur,Mahakali municipality,"1,2,3, 4,5,6,7,8,9,10"
Sudurpashchim Province,KanchaMCur,Laljhadi municipality,"1,2,3, 4,5,6"
Sudurpashchim Province,KanchaMCur,Bedkot municipality,"1,2,3, 4,5,6,7,8,9,10"
Sudurpashchim Province,KanchaMCur,Shuklaphanta municipality,"1,2,3, 4,5,6,7,8,9,10,11,12"
Sudurpashchim Province,Dadeldhura,Ajayemeru municipality,"1,2,3, 4,5,6"
Sudurpashchim Province,Dadeldhura,Amargadhi municipality,"1,2,3, 4,5,6,7,8,9,10,11"
Sudurpashchim Province,Dadeldhura,Alital municipality,"1,2,3, 4,5,6,7,8"
Sudurpashchim Province,Dadeldhura,Ganyapdhura municipality,"1,2,3, 4,5"
Sudurpashchim Province,Dadeldhura,Navadurga municipality,"1,2,3, 4,5"
Sudurpashchim Province,Dadeldhura,Parashuram municipality,"1,2,3, 4,5,6,7,8,9,10,11,12"
Sudurpashchim Province,Dadeldhura,Bhageshor municipality,"1,2,3, 4,5,6,7,8,9,"
Sudurpashchim Province,Baitadi,Dilasaini municipality,"1,2,3, 4,5,6,7"
Sudurpashchim Province,Baitadi,Dasharatha Chand municipality,"1,2,3, 4,5,6,7,8,9,10,11"
Sudurpashchim Province,Baitadi,Dogadakedar municipality,"1,2,3, 4,5,6,7"
Sudurpashchim Province,Baitadi,Pancheshwor municipality,"1,2,3, 4,5,6"
Sudurpashchim Province,Baitadi,Patan municipality,"1,2,3, 4,5,6,7,8,9,10"
Sudurpashchim Province,Baitadi,Purchaudi municipality,"1,2,3, 4,5,6,7,8,9,10"
Sudurpashchim Province,Baitadi,Melauli municipality,"1,2,3, 4,5,6,7,8,9,10,11,12"
Sudurpashchim Province,Baitadi,Shivanath municipality,"1,2,3, 4,5,6"
Sudurpashchim Province,Baitadi,Sigas municipality,"1,2,3, 4,5,6,7,8,9"
Sudurpashchim Province,Baitadi,Surnya municipality,"1,2,3, 4,5,6,7,8"
Sudurpashchim Province,Darchula,Apihimal municipality,"1,2,3, 4,5,6"
Sudurpashchim Province,Darchula,Duhun municipality,"1,2,3, 4,5"
Sudurpashchim Province,Darchula,Naugad municipality,"1,2,3, 4,5,6"
Sudurpashchim Province,Darchula,Byas municipality,"1,2,3, 4,5,6"
Sudurpashchim Province,Darchula,Mahakali municipality,"1,2,3, 4,5,6,7,8,9"
Sudurpashchim Province,Darchula,Marma municipality,"1,2,3, 4,5,6"
Sudurpashchim Province,Darchula,Malikarjun municipality,"1,2,3, 4,5,6,7,8"
Sudurpashchim Province,Darchula,Lekam municipality,"1,2,3, 4,5,6"
Sudurpashchim Province,Darchula,Sailyashikhar municipality,"1,2,3, 4,5,6,7,8,9,10,11"
.,,,
.,,,
